code	codevn	libelle	type	
A	A0_A	Forêt - Arbres > 5m de haut	HAB_ENV	(pr_vigienature.fct_get_nomenclature_type('HAB_ENV'),'A','A0_A','Forêt - Arbres > 5m de haut'),
B	B0_B	Buissons/jeune forêt < 5m	HAB_ENV	(pr_vigienature.fct_get_nomenclature_type('HAB_ENV'),'B','B0_B','Buissons/jeune forêt < 5m'),
C	C0_C	Pelouses, marais et landes	HAB_ENV	(pr_vigienature.fct_get_nomenclature_type('HAB_ENV'),'C','C0_C','Pelouses, marais et landes'),
D	D0_D	Milieux agricoles	HAB_ENV	(pr_vigienature.fct_get_nomenclature_type('HAB_ENV'),'D','D0_D','Milieux agricoles'),
E	E0_E	Milieux bâtis ou urbanisés	HAB_ENV	(pr_vigienature.fct_get_nomenclature_type('HAB_ENV'),'E','E0_E','Milieux bâtis ou urbanisés'),
F	F0_F	Milieux aquatiques	HAB_ENV	(pr_vigienature.fct_get_nomenclature_type('HAB_ENV'),'F','F0_F','Milieux aquatiques'),
G	G0_G	Rochers terrestres ou côtiers	HAB_ENV	(pr_vigienature.fct_get_nomenclature_type('HAB_ENV'),'G','G0_G','Rochers terrestres ou côtiers'),
1	A1_1	Feuillus	HAB_TYP	(pr_vigienature.fct_get_nomenclature_type('HAB_TYP'),'1','A1_1','Feuillus'),
2	A1_2	Conifères	HAB_TYP	(pr_vigienature.fct_get_nomenclature_type('HAB_TYP'),'2','A1_2','Conifères'),
3	A1_3	Mixte (> 10% de chaque)	HAB_TYP	(pr_vigienature.fct_get_nomenclature_type('HAB_TYP'),'3','A1_3','Mixte (> 10% de chaque)'),
1	B1_1	Forêt de régénération	HAB_TYP	(pr_vigienature.fct_get_nomenclature_type('HAB_TYP'),'1','B1_1','Forêt de régénération'),
2	B1_2	Buissons calcicoles	HAB_TYP	(pr_vigienature.fct_get_nomenclature_type('HAB_TYP'),'2','B1_2','Buissons calcicoles'),
3	B1_3	Lande	HAB_TYP	(pr_vigienature.fct_get_nomenclature_type('HAB_TYP'),'3','B1_3','Lande'),
4	B1_4	Jeune taillis	HAB_TYP	(pr_vigienature.fct_get_nomenclature_type('HAB_TYP'),'4','B1_4','Jeune taillis'),
5	B1_5	Nouvelle plantation	HAB_TYP	(pr_vigienature.fct_get_nomenclature_type('HAB_TYP'),'5','B1_5','Nouvelle plantation'),
6	B1_6	Coupe « à blanc »	HAB_TYP	(pr_vigienature.fct_get_nomenclature_type('HAB_TYP'),'6','B1_6','Coupe « à blanc »'),
7	B1_7	Autres	HAB_TYP	(pr_vigienature.fct_get_nomenclature_type('HAB_TYP'),'7','B1_7','Autres'),
1	C1_1	Pelouse calcaire sèche	HAB_TYP	(pr_vigienature.fct_get_nomenclature_type('HAB_TYP'),'1','C1_1','Pelouse calcaire sèche'),
2	C1_2	Lande herbacée	HAB_TYP	(pr_vigienature.fct_get_nomenclature_type('HAB_TYP'),'2','C1_2','Lande herbacée'),
3	C1_3	Lande de bruyère	HAB_TYP	(pr_vigienature.fct_get_nomenclature_type('HAB_TYP'),'3','C1_3','Lande de bruyère'),
4	C1_4	Pelouse humide naturelle	HAB_TYP	(pr_vigienature.fct_get_nomenclature_type('HAB_TYP'),'4','C1_4','Pelouse humide naturelle'),
5	C1_5	Autres pelouses sèches (mur, fossé)	HAB_TYP	(pr_vigienature.fct_get_nomenclature_type('HAB_TYP'),'5','C1_5','Autres pelouses sèches (mur, fossé)'),
6	C1_6	Pelouse inondée/marais pâturé	HAB_TYP	(pr_vigienature.fct_get_nomenclature_type('HAB_TYP'),'6','C1_6','Pelouse inondée/marais pâturé'),
7	C1_7	Roselière	HAB_TYP	(pr_vigienature.fct_get_nomenclature_type('HAB_TYP'),'7','C1_7','Roselière'),
8	C1_8	Autres marais ouverts	HAB_TYP	(pr_vigienature.fct_get_nomenclature_type('HAB_TYP'),'8','C1_8','Autres marais ouverts'),
9	C1_9	Marais salants	HAB_TYP	(pr_vigienature.fct_get_nomenclature_type('HAB_TYP'),'9','C1_9','Marais salants'),
10	C1_10	Tourbières	HAB_TYP	(pr_vigienature.fct_get_nomenclature_type('HAB_TYP'),'10','C1_10','Tourbières'),
11	C1_11	Marais salé	HAB_TYP	(pr_vigienature.fct_get_nomenclature_type('HAB_TYP'),'11','C1_11','Marais salé'),
1	D1_1	Prairie cultivée	HAB_TYP	(pr_vigienature.fct_get_nomenclature_type('HAB_TYP'),'1','D1_1','Prairie cultivée'),
2	D1_2	Prairie non cultivée	HAB_TYP	(pr_vigienature.fct_get_nomenclature_type('HAB_TYP'),'2','D1_2','Prairie non cultivée'),
3	D1_3	Mixité prairie / cultures	HAB_TYP	(pr_vigienature.fct_get_nomenclature_type('HAB_TYP'),'3','D1_3','Mixité prairie / cultures'),
4	D1_4	Grandes cultures	HAB_TYP	(pr_vigienature.fct_get_nomenclature_type('HAB_TYP'),'4','D1_4','Grandes cultures'),
5	D1_5	Verger / vignes / maraîchers (mur, fossé)	HAB_TYP	(pr_vigienature.fct_get_nomenclature_type('HAB_TYP'),'5','D1_5','Verger / vignes / maraîchers (mur, fossé)'),
6	D1_6	Autres types de cultures	HAB_TYP	(pr_vigienature.fct_get_nomenclature_type('HAB_TYP'),'6','D1_6','Autres types de cultures'),
1	E1_1	Urbain	HAB_TYP	(pr_vigienature.fct_get_nomenclature_type('HAB_TYP'),'1','E1_1','Urbain'),
2	E1_2	Suburbain	HAB_TYP	(pr_vigienature.fct_get_nomenclature_type('HAB_TYP'),'2','E1_2','Suburbain'),
3	E1_3	Rural	HAB_TYP	(pr_vigienature.fct_get_nomenclature_type('HAB_TYP'),'3','E1_3','Rural'),
1	F1_1	Mare (moins de 50 m2)	HAB_TYP	(pr_vigienature.fct_get_nomenclature_type('HAB_TYP'),'1','F1_1','Mare (moins de 50 m2)'),
2	F1_2	Petit étang (50 - 450 m2)	HAB_TYP	(pr_vigienature.fct_get_nomenclature_type('HAB_TYP'),'2','F1_2','Petit étang (50 - 450 m2)'),
3	F1_3	Lac/réservoir (berges naturelles) 	HAB_TYP	(pr_vigienature.fct_get_nomenclature_type('HAB_TYP'),'3','F1_3','Lac/réservoir (berges naturelles) '),
3	F1_3	Pêche à la ligne (eau claire, peu d’algues)	HAB_TYP	(pr_vigienature.fct_get_nomenclature_type('HAB_TYP'),'3','F1_3','Pêche à la ligne (eau claire, peu d’algues)'),
4	F1_4	Réservoir (berges non naturelles)	HAB_TYP	(pr_vigienature.fct_get_nomenclature_type('HAB_TYP'),'4','F1_4','Réservoir (berges non naturelles)'),
5	F1_5	Carrière de gravier, de sable	HAB_TYP	(pr_vigienature.fct_get_nomenclature_type('HAB_TYP'),'5','F1_5','Carrière de gravier, de sable'),
6	F1_6	Ruisseau - Larg. < 3m	HAB_TYP	(pr_vigienature.fct_get_nomenclature_type('HAB_TYP'),'6','F1_6','Ruisseau - Larg. < 3m'),
6	F1_6	Autres dérangements (eau claire, bcp d’algues)	HAB_TYP	(pr_vigienature.fct_get_nomenclature_type('HAB_TYP'),'6','F1_6','Autres dérangements (eau claire, bcp d’algues)'),
7	F1_7	Rivière - Larg. 3 à 10m	HAB_TYP	(pr_vigienature.fct_get_nomenclature_type('HAB_TYP'),'7','F1_7','Rivière - Larg. 3 à 10m'),
8	F1_8	Fossé inondé - Larg. < 2m	HAB_TYP	(pr_vigienature.fct_get_nomenclature_type('HAB_TYP'),'8','F1_8','Fossé inondé - Larg. < 2m'),
9	F1_9	Petit canal –Larg. 2 à 5m	HAB_TYP	(pr_vigienature.fct_get_nomenclature_type('HAB_TYP'),'9','F1_9','Petit canal –Larg. 2 à 5m'),
10	F1_10	Grand canal - Larg. > 5m	HAB_TYP	(pr_vigienature.fct_get_nomenclature_type('HAB_TYP'),'10','F1_10','Grand canal - Larg. > 5m'),
11	F1_11	Eaux saumâtres salins, lagunes	HAB_TYP	(pr_vigienature.fct_get_nomenclature_type('HAB_TYP'),'11','F1_11','Eaux saumâtres salins, lagunes'),
12	F1_12	Fleuve, rivière Larg. > 10m 	HAB_TYP	(pr_vigienature.fct_get_nomenclature_type('HAB_TYP'),'12','F1_12','Fleuve, rivière Larg. > 10m '),
13	F1_13	Rives avec falaise	HAB_TYP	(pr_vigienature.fct_get_nomenclature_type('HAB_TYP'),'13','F1_13','Rives avec falaise'),
1	G1_1	Falaise	HAB_TYP	(pr_vigienature.fct_get_nomenclature_type('HAB_TYP'),'1','G1_1','Falaise'),
2	G1_2	Eboulis, pente rocheuse	HAB_TYP	(pr_vigienature.fct_get_nomenclature_type('HAB_TYP'),'2','G1_2','Eboulis, pente rocheuse'),
3	G1_3	Pavement calcaire	HAB_TYP	(pr_vigienature.fct_get_nomenclature_type('HAB_TYP'),'3','G1_3','Pavement calcaire'),
4	G1_4	Autres sols rocheux	HAB_TYP	(pr_vigienature.fct_get_nomenclature_type('HAB_TYP'),'4','G1_4','Autres sols rocheux'),
5	G1_5	Carrière (grimpeurs, promeneurs) 	HAB_TYP	(pr_vigienature.fct_get_nomenclature_type('HAB_TYP'),'5','G1_5','Carrière (grimpeurs, promeneurs) '),
6	G1_6	Mine / abîme / terril	HAB_TYP	(pr_vigienature.fct_get_nomenclature_type('HAB_TYP'),'6','G1_6','Mine / abîme / terril'),
7	G1_7	Grotte	HAB_TYP	(pr_vigienature.fct_get_nomenclature_type('HAB_TYP'),'7','G1_7','Grotte'),
8	G1_8	Dune	HAB_TYP	(pr_vigienature.fct_get_nomenclature_type('HAB_TYP'),'8','G1_8','Dune'),
1	A2_1	Semi-naturelle ou âges mélangés	HAB_CAT1	(pr_vigienature.fct_get_nomenclature_type('HAB_CAT1'),'1','A2_1','Semi-naturelle ou âges mélangés'),
2	A2_2	Plantation équienne	HAB_CAT1	(pr_vigienature.fct_get_nomenclature_type('HAB_CAT1'),'2','A2_2','Plantation équienne'),
3	A2_3	Plantation non-équienne	HAB_CAT1	(pr_vigienature.fct_get_nomenclature_type('HAB_CAT1'),'3','A2_3','Plantation non-équienne'),
4	A2_4	Plantation mâture (> 10m)	HAB_CAT1	(pr_vigienature.fct_get_nomenclature_type('HAB_CAT1'),'4','A2_4','Plantation mâture (> 10m)'),
5	A2_5	Jeune plantation (5-10m)	HAB_CAT1	(pr_vigienature.fct_get_nomenclature_type('HAB_CAT1'),'5','A2_5','Jeune plantation (5-10m)'),
6	A2_6	Parc (arbres épars et prairies)	HAB_CAT1	(pr_vigienature.fct_get_nomenclature_type('HAB_CAT1'),'6','A2_6','Parc (arbres épars et prairies)'),
7	A2_7	Sous-bois dense	HAB_CAT1	(pr_vigienature.fct_get_nomenclature_type('HAB_CAT1'),'7','A2_7','Sous-bois dense'),
8	A2_8	Sous-bois modéré	HAB_CAT1	(pr_vigienature.fct_get_nomenclature_type('HAB_CAT1'),'8','A2_8','Sous-bois modéré'),
9	A2_9	Sous-bois épars	HAB_CAT1	(pr_vigienature.fct_get_nomenclature_type('HAB_CAT1'),'9','A2_9','Sous-bois épars'),
10	A2_10	Bois mort présent	HAB_CAT1	(pr_vigienature.fct_get_nomenclature_type('HAB_CAT1'),'10','A2_10','Bois mort présent'),
11	A2_11	Bois mort absent	HAB_CAT1	(pr_vigienature.fct_get_nomenclature_type('HAB_CAT1'),'11','A2_11','Bois mort absent'),
1	B2_1	Feuillus	HAB_CAT1	(pr_vigienature.fct_get_nomenclature_type('HAB_CAT1'),'1','B2_1','Feuillus'),
2	B2_2	Conifères	HAB_CAT1	(pr_vigienature.fct_get_nomenclature_type('HAB_CAT1'),'2','B2_2','Conifères'),
3	B2_3	Mixte (10% de chaque)	HAB_CAT1	(pr_vigienature.fct_get_nomenclature_type('HAB_CAT1'),'3','B2_3','Mixte (10% de chaque)'),
4	B2_4	Buissons feuillus de marais	HAB_CAT1	(pr_vigienature.fct_get_nomenclature_type('HAB_CAT1'),'4','B2_4','Buissons feuillus de marais'),
5	B2_5	Buissons conifères de marais	HAB_CAT1	(pr_vigienature.fct_get_nomenclature_type('HAB_CAT1'),'5','B2_5','Buissons conifères de marais'),
6	B2_6	Buissons mixtes de marais	HAB_CAT1	(pr_vigienature.fct_get_nomenclature_type('HAB_CAT1'),'6','B2_6','Buissons mixtes de marais'),
7	B2_7	Feuilles persistantes	HAB_CAT1	(pr_vigienature.fct_get_nomenclature_type('HAB_CAT1'),'7','B2_7','Feuilles persistantes'),
8	B2_8	Garrigue	HAB_CAT1	(pr_vigienature.fct_get_nomenclature_type('HAB_CAT1'),'8','B2_8','Garrigue'),
9	B2_9	Maquis	HAB_CAT1	(pr_vigienature.fct_get_nomenclature_type('HAB_CAT1'),'9','B2_9','Maquis'),
1	C2_1	Haies avec arbres	HAB_CAT1	(pr_vigienature.fct_get_nomenclature_type('HAB_CAT1'),'1','C2_1','Haies avec arbres'),
2	C2_2	Haies sans arbres	HAB_CAT1	(pr_vigienature.fct_get_nomenclature_type('HAB_CAT1'),'2','C2_2','Haies sans arbres'),
3	C2_3	Lignes d’arbres sans haie	HAB_CAT1	(pr_vigienature.fct_get_nomenclature_type('HAB_CAT1'),'3','C2_3','Lignes d’arbres sans haie'),
4	C2_4	Autre limite de terrain	HAB_CAT1	(pr_vigienature.fct_get_nomenclature_type('HAB_CAT1'),'4','C2_4','Autre limite de terrain'),
5	C2_5	Groupe isolé de 1-10 arbres	HAB_CAT1	(pr_vigienature.fct_get_nomenclature_type('HAB_CAT1'),'5','C2_5','Groupe isolé de 1-10 arbres'),
6	C2_6	Pas de haie	HAB_CAT1	(pr_vigienature.fct_get_nomenclature_type('HAB_CAT1'),'6','C2_6','Pas de haie'),
7	C2_7	Montagne	HAB_CAT1	(pr_vigienature.fct_get_nomenclature_type('HAB_CAT1'),'7','C2_7','Montagne'),
8	C2_8	Digue	HAB_CAT1	(pr_vigienature.fct_get_nomenclature_type('HAB_CAT1'),'8','C2_8','Digue'),
1	D2_1	Haies avec arbres	HAB_CAT1	(pr_vigienature.fct_get_nomenclature_type('HAB_CAT1'),'1','D2_1','Haies avec arbres'),
2	D2_2	Haies sans arbres	HAB_CAT1	(pr_vigienature.fct_get_nomenclature_type('HAB_CAT1'),'2','D2_2','Haies sans arbres'),
3	D2_3	Ligne d’arbres sans haie	HAB_CAT1	(pr_vigienature.fct_get_nomenclature_type('HAB_CAT1'),'3','D2_3','Ligne d’arbres sans haie'),
4	D2_4	Autre limite de terrain	HAB_CAT1	(pr_vigienature.fct_get_nomenclature_type('HAB_CAT1'),'4','D2_4','Autre limite de terrain'),
5	D2_5	Groupes isolés de 1-10 arbres	HAB_CAT1	(pr_vigienature.fct_get_nomenclature_type('HAB_CAT1'),'5','D2_5','Groupes isolés de 1-10 arbres'),
6	D2_6	Cour de ferme, basse-cour	HAB_CAT1	(pr_vigienature.fct_get_nomenclature_type('HAB_CAT1'),'6','D2_6','Cour de ferme, basse-cour'),
7	D2_7	Pas de haie	HAB_CAT1	(pr_vigienature.fct_get_nomenclature_type('HAB_CAT1'),'7','D2_7','Pas de haie'),
1	E2_1	Bâtiments	HAB_CAT1	(pr_vigienature.fct_get_nomenclature_type('HAB_CAT1'),'1','E2_1','Bâtiments'),
2	E2_2	Jardins	HAB_CAT1	(pr_vigienature.fct_get_nomenclature_type('HAB_CAT1'),'2','E2_2','Jardins'),
3	E2_3	Parcs municipaux, zones de loisirs	HAB_CAT1	(pr_vigienature.fct_get_nomenclature_type('HAB_CAT1'),'3','E2_3','Parcs municipaux, zones de loisirs'),
4	E2_4	Traitement des eaux urbaines	HAB_CAT1	(pr_vigienature.fct_get_nomenclature_type('HAB_CAT1'),'4','E2_4','Traitement des eaux urbaines'),
5	E2_5	Près d’une route (< 50m)	HAB_CAT1	(pr_vigienature.fct_get_nomenclature_type('HAB_CAT1'),'5','E2_5','Près d’une route (< 50m)'),
6	E2_6	Près d’une voie ferrée (< 50m)	HAB_CAT1	(pr_vigienature.fct_get_nomenclature_type('HAB_CAT1'),'6','E2_6','Près d’une voie ferrée (< 50m)'),
7	E2_7	Décharge d’ordures	HAB_CAT1	(pr_vigienature.fct_get_nomenclature_type('HAB_CAT1'),'7','E2_7','Décharge d’ordures'),
8	E2_8	Beaucoup de buissons	HAB_CAT1	(pr_vigienature.fct_get_nomenclature_type('HAB_CAT1'),'8','E2_8','Beaucoup de buissons'),
9	E2_9	Peu de buissons	HAB_CAT1	(pr_vigienature.fct_get_nomenclature_type('HAB_CAT1'),'9','E2_9','Peu de buissons'),
1	F2_1	Non utilisé/non perturbé	HAB_CAT1	(pr_vigienature.fct_get_nomenclature_type('HAB_CAT1'),'1','F2_1','Non utilisé/non perturbé'),
2	F2_2	Sports nautiques	HAB_CAT1	(pr_vigienature.fct_get_nomenclature_type('HAB_CAT1'),'2','F2_2','Sports nautiques'),
3	F2_3	Dystrophique (eau noire)	HAB_CAT1	(pr_vigienature.fct_get_nomenclature_type('HAB_CAT1'),'3','F2_3','Dystrophique (eau noire)'),
4	F2_4	Activité industrielle	HAB_CAT1	(pr_vigienature.fct_get_nomenclature_type('HAB_CAT1'),'4','F2_4','Activité industrielle'),
5	F2_5	Traitements d’eaux usées	HAB_CAT1	(pr_vigienature.fct_get_nomenclature_type('HAB_CAT1'),'5','F2_5','Traitements d’eaux usées'),
6	F2_6	Courant fort	HAB_CAT1	(pr_vigienature.fct_get_nomenclature_type('HAB_CAT1'),'6','F2_6','Courant fort'),
7	F2_7	Activité industrielle	HAB_CAT1	(pr_vigienature.fct_get_nomenclature_type('HAB_CAT1'),'7','F2_7','Activité industrielle'),
8	F2_8	Petites îles	HAB_CAT1	(pr_vigienature.fct_get_nomenclature_type('HAB_CAT1'),'8','F2_8','Petites îles'),
1	G2_1	Montagne	HAB_CAT1	(pr_vigienature.fct_get_nomenclature_type('HAB_CAT1'),'1','G2_1','Montagne'),
2	G2_2	Pas en montagne	HAB_CAT1	(pr_vigienature.fct_get_nomenclature_type('HAB_CAT1'),'2','G2_2','Pas en montagne'),
3	G2_3	Bord de mer (mousses, lichens)	HAB_CAT1	(pr_vigienature.fct_get_nomenclature_type('HAB_CAT1'),'3','G2_3','Bord de mer (mousses, lichens)'),
4	G2_4	Fort dérangement par l’homme	HAB_CAT1	(pr_vigienature.fct_get_nomenclature_type('HAB_CAT1'),'4','G2_4','Fort dérangement par l’homme'),
1	A3_1	Chêne	HAB_CAT2	(pr_vigienature.fct_get_nomenclature_type('HAB_CAT2'),'1','A3_1','Chêne'),
2	A3_2	Hêtre	HAB_CAT2	(pr_vigienature.fct_get_nomenclature_type('HAB_CAT2'),'2','A3_2','Hêtre'),
3	A3_3	Erable	HAB_CAT2	(pr_vigienature.fct_get_nomenclature_type('HAB_CAT2'),'3','A3_3','Erable'),
4	A3_4	Châtaignier	HAB_CAT2	(pr_vigienature.fct_get_nomenclature_type('HAB_CAT2'),'4','A3_4','Châtaignier'),
5	A3_5	Autre essence feuillue	HAB_CAT2	(pr_vigienature.fct_get_nomenclature_type('HAB_CAT2'),'5','A3_5','Autre essence feuillue'),
6	A3_6	Sapin	HAB_CAT2	(pr_vigienature.fct_get_nomenclature_type('HAB_CAT2'),'6','A3_6','Sapin'),
7	A3_7	Epicéa	HAB_CAT2	(pr_vigienature.fct_get_nomenclature_type('HAB_CAT2'),'7','A3_7','Epicéa'),
8	A3_8	Pin	HAB_CAT2	(pr_vigienature.fct_get_nomenclature_type('HAB_CAT2'),'8','A3_8','Pin'),
9	A3_9	Mélèze	HAB_CAT2	(pr_vigienature.fct_get_nomenclature_type('HAB_CAT2'),'9','A3_9','Mélèze'),
10	A3_10	Autre essence conifère	HAB_CAT2	(pr_vigienature.fct_get_nomenclature_type('HAB_CAT2'),'10','A3_10','Autre essence conifère'),
11	A3_11	Autre essence	HAB_CAT2	(pr_vigienature.fct_get_nomenclature_type('HAB_CAT2'),'11','A3_11','Autre essence'),
1	B3_1	Surtout grands (3-5m)	HAB_CAT2	(pr_vigienature.fct_get_nomenclature_type('HAB_CAT2'),'1','B3_1','Surtout grands (3-5m)'),
2	B3_2	Surtout petits (1-3m)	HAB_CAT2	(pr_vigienature.fct_get_nomenclature_type('HAB_CAT2'),'2','B3_2','Surtout petits (1-3m)'),
3	B3_3	Sous-bois dense	HAB_CAT2	(pr_vigienature.fct_get_nomenclature_type('HAB_CAT2'),'3','B3_3','Sous-bois dense'),
4	B3_4	Sous-bois modéré	HAB_CAT2	(pr_vigienature.fct_get_nomenclature_type('HAB_CAT2'),'4','B3_4','Sous-bois modéré'),
5	B3_5	Sous-bois éparse	HAB_CAT2	(pr_vigienature.fct_get_nomenclature_type('HAB_CAT2'),'5','B3_5','Sous-bois éparse'),
6	B3_6	Fougères	HAB_CAT2	(pr_vigienature.fct_get_nomenclature_type('HAB_CAT2'),'6','B3_6','Fougères'),
7	B3_7	Pâturé	HAB_CAT2	(pr_vigienature.fct_get_nomenclature_type('HAB_CAT2'),'7','B3_7','Pâturé'),
1	C3_1	Non pâturé	HAB_CAT2	(pr_vigienature.fct_get_nomenclature_type('HAB_CAT2'),'1','C3_1','Non pâturé'),
2	C3_2	Pâturé	HAB_CAT2	(pr_vigienature.fct_get_nomenclature_type('HAB_CAT2'),'2','C3_2','Pâturé'),
3	C3_3	Foin	HAB_CAT2	(pr_vigienature.fct_get_nomenclature_type('HAB_CAT2'),'3','C3_3','Foin'),
4	C3_4	Beaucoup de fougères	HAB_CAT2	(pr_vigienature.fct_get_nomenclature_type('HAB_CAT2'),'4','C3_4','Beaucoup de fougères'),
1	D3_1	Non pâturé	HAB_CAT2	(pr_vigienature.fct_get_nomenclature_type('HAB_CAT2'),'1','D3_1','Non pâturé'),
2	D3_2	Pâturé	HAB_CAT2	(pr_vigienature.fct_get_nomenclature_type('HAB_CAT2'),'2','D3_2','Pâturé'),
3	D3_3	Céréales	HAB_CAT2	(pr_vigienature.fct_get_nomenclature_type('HAB_CAT2'),'3','D3_3','Céréales'),
4	D3_4	Maïs	HAB_CAT2	(pr_vigienature.fct_get_nomenclature_type('HAB_CAT2'),'4','D3_4','Maïs'),
5	D3_5	Tournesol	HAB_CAT2	(pr_vigienature.fct_get_nomenclature_type('HAB_CAT2'),'5','D3_5','Tournesol'),
6	D3_6	Colza	HAB_CAT2	(pr_vigienature.fct_get_nomenclature_type('HAB_CAT2'),'6','D3_6','Colza'),
7	D3_7	Cultures à racines	HAB_CAT2	(pr_vigienature.fct_get_nomenclature_type('HAB_CAT2'),'7','D3_7','Cultures à racines'),
8	D3_8	Sol nu	HAB_CAT2	(pr_vigienature.fct_get_nomenclature_type('HAB_CAT2'),'8','D3_8','Sol nu'),
9	D3_9	Autres cultures	HAB_CAT2	(pr_vigienature.fct_get_nomenclature_type('HAB_CAT2'),'9','D3_9','Autres cultures'),
10	D3_10	Rizières	HAB_CAT2	(pr_vigienature.fct_get_nomenclature_type('HAB_CAT2'),'10','D3_10','Rizières'),
1	E3_1	Industriel	HAB_CAT2	(pr_vigienature.fct_get_nomenclature_type('HAB_CAT2'),'1','E3_1','Industriel'),
2	E3_2	Résidentiel	HAB_CAT2	(pr_vigienature.fct_get_nomenclature_type('HAB_CAT2'),'2','E3_2','Résidentiel'),
3	E3_3	Beaucoup d’arbres	HAB_CAT2	(pr_vigienature.fct_get_nomenclature_type('HAB_CAT2'),'3','E3_3','Beaucoup d’arbres'),
4	E3_4	Peu d’arbres	HAB_CAT2	(pr_vigienature.fct_get_nomenclature_type('HAB_CAT2'),'4','E3_4','Peu d’arbres'),
5	E3_5	Grande surface de jardins (> 450m2)	HAB_CAT2	(pr_vigienature.fct_get_nomenclature_type('HAB_CAT2'),'5','E3_5','Grande surface de jardins (> 450m2)'),
6	E3_6	Moyenne surface de jardins (100 - 450 m2)	HAB_CAT2	(pr_vigienature.fct_get_nomenclature_type('HAB_CAT2'),'6','E3_6','Moyenne surface de jardins (100 - 450 m2)'),
7	E3_7	Faible surface de jardins (< 100 m2)	HAB_CAT2	(pr_vigienature.fct_get_nomenclature_type('HAB_CAT2'),'7','E3_7','Faible surface de jardins (< 100 m2)'),
1	F3_1	Eutrophique (eau verte)	HAB_CAT2	(pr_vigienature.fct_get_nomenclature_type('HAB_CAT2'),'1','F3_1','Eutrophique (eau verte)'),
2	F3_2	Oligotrophique	HAB_CAT2	(pr_vigienature.fct_get_nomenclature_type('HAB_CAT2'),'2','F3_2','Oligotrophique'),
4	F3_4	Bigarré	HAB_CAT2	(pr_vigienature.fct_get_nomenclature_type('HAB_CAT2'),'4','F3_4','Bigarré'),
5	F3_5	Courant faible / moyen	HAB_CAT2	(pr_vigienature.fct_get_nomenclature_type('HAB_CAT2'),'5','F3_5','Courant faible / moyen'),
7	F3_7	Dragué	HAB_CAT2	(pr_vigienature.fct_get_nomenclature_type('HAB_CAT2'),'7','F3_7','Dragué'),
8	F3_8	Non dragué	HAB_CAT2	(pr_vigienature.fct_get_nomenclature_type('HAB_CAT2'),'8','F3_8','Non dragué'),
9	F3_9	Rives nues	HAB_CAT2	(pr_vigienature.fct_get_nomenclature_type('HAB_CAT2'),'9','F3_9','Rives nues'),
10	F3_10	Rives avec végétation	HAB_CAT2	(pr_vigienature.fct_get_nomenclature_type('HAB_CAT2'),'10','F3_10','Rives avec végétation'),
1	G3_1	Roche nue	HAB_CAT2	(pr_vigienature.fct_get_nomenclature_type('HAB_CAT2'),'1','G3_1','Roche nue'),
2	G3_2	Végétation basse présente	HAB_CAT2	(pr_vigienature.fct_get_nomenclature_type('HAB_CAT2'),'2','G3_2','Végétation basse présente'),
3	G3_3	Graminées présentes	HAB_CAT2	(pr_vigienature.fct_get_nomenclature_type('HAB_CAT2'),'3','G3_3','Graminées présentes'),
4	G3_4	Buissons présents	HAB_CAT2	(pr_vigienature.fct_get_nomenclature_type('HAB_CAT2'),'4','G3_4','Buissons présents'),
D	LESS25	< 25m	DISTANCE	(pr_vigienature.fct_get_nomenclature_type('DISTANCE'),'D','LESS25','< 25m'),
V	TRANSIT	En vol	DISTANCE	(pr_vigienature.fct_get_nomenclature_type('DISTANCE'),'V','TRANSIT','En vol'),
L	LESS200	100-200m	DISTANCE	(pr_vigienature.fct_get_nomenclature_type('DISTANCE'),'L','LESS200','100-200m'),
M	MORE200	> 200m	DISTANCE	(pr_vigienature.fct_get_nomenclature_type('DISTANCE'),'M','MORE200','> 200m'),
F	LESS100	25-100m	DISTANCE	(pr_vigienature.fct_get_nomenclature_type('DISTANCE'),'F','LESS100','25-100m'),
1	NO_RAIN	Absente	RAIN	(pr_vigienature.fct_get_nomenclature_type('RAIN'),'1','NO_RAIN','Absente'),
2	SMALL_RAIN	Bruine	RAIN	(pr_vigienature.fct_get_nomenclature_type('RAIN'),'2','SMALL_RAIN','Bruine'),
3	STRONG_RAIN	Averses	RAIN	(pr_vigienature.fct_get_nomenclature_type('RAIN'),'3','STRONG_RAIN','Averses'),
1	NO_WIND	Absent	WIND	(pr_vigienature.fct_get_nomenclature_type('WIND'),'1','NO_WIND','Absent'),
2	TWO_THIRD	33-66 %	CLOUD	(pr_vigienature.fct_get_nomenclature_type('CLOUD'),'2','TWO_THIRD','33-66 %'),
1	ONE_THIRD	0-33 %	CLOUD	(pr_vigienature.fct_get_nomenclature_type('CLOUD'),'1','ONE_THIRD','0-33 %'),
3	THREE_THIRD	66-100 %	CLOUD	(pr_vigienature.fct_get_nomenclature_type('CLOUD'),'3','THREE_THIRD','66-100 %'),
3	MIDDLE_STRONG_WIND	Moyen à fort	WIND	(pr_vigienature.fct_get_nomenclature_type('WIND'),'3','MIDDLE_STRONG_WIND','Moyen à fort'),
2	WEAK_WIND	Faible	WIND	(pr_vigienature.fct_get_nomenclature_type('WIND'),'2','WEAK_WIND','Faible'),
1	GOOD_VISIBILITY	Bonne	VISIBILITY	(pr_vigienature.fct_get_nomenclature_type('VISIBILITY'),'1','GOOD_VISIBILITY','Bonne'),
3	BAD_VISIBILITY	Faible	VISIBILITY	(pr_vigienature.fct_get_nomenclature_type('VISIBILITY'),'3','BAD_VISIBILITY','Faible'),
2	MODERATE_VISIBILITY	Modérée	VISIBILITY	(pr_vigienature.fct_get_nomenclature_type('VISIBILITY'),'2','MODERATE_VISIBILITY','Modérée'),
